category,name,address,latitude,longitude,phone,email,website,rating,reviews,plus_code,maps_url,scraped_at
bakery,الخليلي," 4QPJ+J29, 40M, Qesm Thaleth Al Arish, North Sinai Governorate 8955011, Egypt",31.1365454,33.7801085,+201097450313,,https://www.facebook.com/share/1DFxxE5Gou/,4.1,30,,https://www.google.com/maps/place/%D8%A7%D9%84%D8%AE%D9%84%D9%8A%D9%84%D9%8A%E2%80%AD/data=!4m7!3m6!1s0x14fc2dedda7dc7ef:0x739fed89eadc8538!8m2!3d31.1365454!4d33.7801085!16s%2Fg%2F11p5_78dhp!19sChIJ78d92u0t_BQROIXc6ontn3M?authuser=0&hl=en&g_ep=EgoyMDI2MTAwNi4wIJJjKgBIAVAD&rclk=1&hl=en,2026-10-09 00:02:31
bakery,مخبز وحلواني يس," 4RF2+WPX, Qesm Thaleth Al Arish, North Sinai Governorate 8954709, Egypt",31.1248573,33.801858,,,,5.0,14,,https://www.google.com/maps/place/%D9%85%D8%AE%D8%A8%D8%B2+%D9%88%D8%AD%D9%84%D9%88%D8%A7%D9%86%D9%8A+%D9%8A%D8%B3%E2%80%AD/data=!4m7!3m6!1s0x14fdd355d7768d41:0x33f211ec878c05fb!8m2!3d31.1248573!4d33.801858!16s%2Fg%2F11f1p97zcs!19sChIJQY1211XT_RQR-wWMh-wR8jM?authuser=0&hl=en&g_ep=EgoyMDI2MTAwNi4wIJJjKgBIAVAD&rclk=1&hl=en,2026-10-09 00:02:36
bakery,مخبز وحلوانى نيو حجاب سويت," 4RF4+6HC, Qesm Thaleth Al Arish, North Sinai Governorate 8954801, Egypt",31.123073,33.8063935,+20683365924,,,5.0,2,,https://www.google.com/maps/place/%D9%85%D8%AE%D8%A8%D8%B2+%D9%88%D8%AD%D9%84%D9%88%D8%A7%D9%86%D9%89+%D9%86%D9%8A%D9%88+%D8%AD%D8%AC%D8%A7%D8%A8+%D8%B3%D9%88%D9%8A%D8%AA%E2%80%AD/data=!4m7!3m6!1s0x14fdd35795d20f07:0xc1bcf62a45664ff2!8m2!3d31.123073!4d33.8063935!16s%2Fg%2F11gccdgfll!19sChIJBw_SlVfT_RQR8k9mRSr2vME?authuser=0&hl=en&g_ep=EgoyMDI2MTAwNi4wIJJjKgBIAVAD&rclk=1&hl=en,2026-10-09 00:02:48
bakery,مخبوزات الجهاد," 4RJ5+H24, Qesm Thaleth Al Arish, North Sinai Governorate 8954840, Egypt",31.1313778,33.807589,,,,4.3,3,,https://www.google.com/maps/place/%D9%85%D8%AE%D8%A8%D9%88%D8%B2%D8%A7%D8%AA+%D8%A7%D9%84%D8%AC%D9%87%D8%A7%D8%AF%E2%80%AD/data=!4m7!3m6!1s0x14fdd3cbea178f73:0xdf3c6149c579b2c6!8m2!3d31.1313778!4d33.807589!16s%2Fg%2F11ktjf526r!19sChIJc48X6svT_RQRxrJ5xUlhPN8?authuser=0&hl=en&g_ep=EgoyMDI2MTAwNi4wIJJjKgBIAVAD&rclk=1&hl=en,2026-10-09 00:02:56
bakery,مخبز وحلوانى الفرسان," 4RC3+XRR, Qesm Thaleth Al Arish, North Sinai Governorate 8954743, Egypt",31.1224751,33.8045285,+201009560581,,,4.0,37,,https://www.google.com/maps/place/%D9%85%D8%AE%D8%A8%D8%B2+%D9%88%D8%AD%D9%84%D9%88%D8%A7%D9%86%D9%89+%D8%A7%D9%84%D9%81%D8%B1%D8%B3%D8%A7%D9%86%E2%80%AD/data=!4m7!3m6!1s0x14fdd3562c080ea5:0xb9eda091396e6e99!8m2!3d31.1224751!4d33.8045285!16s%2Fg%2F11fzsvtxgq!19sChIJpQ4ILFbT_RQRmW5uOZGg7bk?authuser=0&hl=en&g_ep=EgoyMDI2MTAwNi4wIJJjKgBIAVAD&rclk=1&hl=en,2026-10-09 00:03:07
bakery,مخبوزات الفرسان," 4RQF+C7Q, Qesm Thaleth Al Arish, North Sinai Governorate 8956435, Egypt",31.1385958,33.8232404,,,,3.6,14,,https://www.google.com/maps/place/%D9%85%D8%AE%D8%A8%D9%88%D8%B2%D8%A7%D8%AA+%D8%A7%D9%84%D9%81%D8%B1%D8%B3%D8%A7%D9%86%E2%80%AD/data=!4m7!3m6!1s0x14fdd31492161c31:0xfd1509062f31e5b!8m2!3d31.1385958!4d33.8232404!16s%2Fg%2F1hg4v6j9q!19sChIJMRwWkhTT_RQRWx7zYpBQ0Q8?authuser=0&hl=en&g_ep=EgoyMDI2MTAwNi4wIJJjKgBIAVAD&rclk=1&hl=en,2026-10-09 00:03:15
bakery,bakery," قسم ثالث, العريش،، 4P9C+87J،, شمال سيناء،،, Third Al Areesh, North Sinai Governorate 8953630, Egypt",31.1182657,33.7204695,,,,3.0,2," 4P9C+85 Third Al Areesh, Egypt",https://www.google.com/maps/place/bakery/data=!4m7!3m6!1s0x14fc2bb147a79837:0x6d12522611de531a!8m2!3d31.1182657!4d33.7204695!16s%2Fg%2F11tj63n4gd!19sChIJN5inR7Er_BQRGlPeESZSEm0?authuser=0&hl=en&g_ep=EgoyMDI2MTAwNi4wIJJjKgBIAVAD&rclk=1&hl=en,2026-10-09 00:03:26
bakery,معرض البسام," 4RH6+39W, Qesm Thaleth Al Arish, North Sinai Governorate 8954821, Egypt",31.1278138,33.8110107,+201065552554,,,5.0,1,,https://www.google.com/maps/place/%D9%85%D8%B9%D8%B1%D8%B6+%D8%A7%D9%84%D8%A8%D8%B3%D8%A7%D9%85%E2%80%AD/data=!4m7!3m6!1s0x14fdd3265342f4bd:0xd2940fce049c66f8!8m2!3d31.1278138!4d33.8110107!16s%2Fg%2F11tcfgb5n0!19sChIJvfRCUybT_RQR-GacBM4PlNI?authuser=0&hl=en&g_ep=EgoyMDI2MTAwNi4wIJJjKgBIAVAD&rclk=1&hl=en,2026-10-09 00:03:34
bakery,الفرسان," 4QPH+FFM, El Qantra Shark - Al Arish Rd, Qesm Thaleth Al Arish, North Sinai Governorate 8955006, Egypt",31.1362094,33.7786785,,,,5.0,4,,https://www.google.com/maps/place/%D8%A7%D9%84%D9%81%D8%B1%D8%B3%D8%A7%D9%86%E2%80%AD/data=!4m7!3m6!1s0x14fc2d0bfa53b9ed:0xc850d7d0e5b8697b!8m2!3d31.1362094!4d33.7786785!16s%2Fg%2F11nn46gg8g!19sChIJ7blT-gst_BQRe2m45dDXUMg?authuser=0&hl=en&g_ep=EgoyMDI2MTAwNi4wIJJjKgBIAVAD&rclk=1&hl=en,2026-10-09 00:03:42
bakery,مخبوزات الاشراف," 4RM2+C96, Qesm Thaleth Al Arish, North Sinai Governorate 8954962, Egypt",31.1335351,33.8008922,,,,4.3,3,,https://www.google.com/maps/place/%D9%85%D8%AE%D8%A8%D9%88%D8%B2%D8%A7%D8%AA+%D8%A7%D9%84%D8%A7%D8%B4%D8%B1%D8%A7%D9%81%E2%80%AD/data=!4m7!3m6!1s0x14fdd34cbbaafccb:0xd46affb1e08df9ae!8m2!3d31.1335351!4d33.8008922!16s%2Fg%2F11j9cq5ktt!19sChIJy_yqu0zT_RQRrvmN4LH_atQ?authuser=0&hl=en&g_ep=EgoyMDI2MTAwNi4wIJJjKgBIAVAD&rclk=1&hl=en,2026-10-09 00:03:52
bakery,Park Sweet 1," شارع ٢٣ يوليو، ميدان المالح, Qesm Thaleth Al Arish, North Sinai Governorate 45511, Egypt",31.1275733,33.8047878,+20683365129,,,4.4,57," 4RH3+2W Qesm Thaleth Al Arish, Egypt",https://www.google.com/maps/place/Park+Sweet+1/data=!4m7!3m6!1s0x14fdd35129b996eb:0x14fac560e2e79d5c!8m2!3d31.1275733!4d33.8047878!16s%2Fg%2F11c708tgc1!19sChIJ65a5KVHT_RQRXJ3n4mDF-hQ?authuser=0&hl=en&g_ep=EgoyMDI2MTAwNi4wIJJjKgBIAVAD&rclk=1&hl=en,2026-10-09 00:04:03
bakery,مخبوزات النور," 4RG3+FRC, Qesm Thaleth Al Arish, North Sinai Governorate 8954753, Egypt",31.1261896,33.8045167,+201016825026,,,5.0,4,,https://www.google.com/maps/place/%D9%85%D8%AE%D8%A8%D9%88%D8%B2%D8%A7%D8%AA+%D8%A7%D9%84%D9%86%D9%88%D8%B1%E2%80%AD/data=!4m7!3m6!1s0x14fdd356d93942f7:0x7e7755b64035d956!8m2!3d31.1261896!4d33.8045167!16s%2Fg%2F11f_0szh8b!19sChIJ90I52VbT_RQRVtk1QLZVd34?authuser=0&hl=en&g_ep=EgoyMDI2MTAwNi4wIJJjKgBIAVAD&rclk=1&hl=en,2026-10-09 00:04:09
bakery,مخبز المساعيد القديم(340025)," ثالث العريش, Qesm Thaleth Al Arish, North Sinai Governorate, Egypt",31.1187404,33.7254233,,,,3.7,18," 4P9G+F5 Qesm Thaleth Al Arish, Egypt",https://www.google.com/maps/place/%D9%85%D8%AE%D8%A8%D8%B2+%D8%A7%D9%84%D9%85%D8%B3%D8%A7%D8%B9%D9%8A%D8%AF+%D8%A7%D9%84%D9%82%D8%AF%D9%8A%D9%85%28340025%29%E2%80%AD/data=!4m7!3m6!1s0x14fc2b8d6376e671:0x8309ecd9b048e09b!8m2!3d31.1187404!4d33.7254233!16s%2Fg%2F11jg62k2h7!19sChIJceZ2Y40r_BQRm-BIsNnsCYM?authuser=0&hl=en&g_ep=EgoyMDI2MTAwNi4wIJJjKgBIAVAD&rclk=1&hl=en,2026-10-09 00:04:17
bakery,مخبز معوض," 4P9C+GGJ, الفرن، قسم ثالث العريش، شمال سيناء،،, Third Al Areesh, North Sinai Governorate, Egypt",31.1188352,33.7212517,,,,4.7,3,,https://www.google.com/maps/place/%D9%85%D8%AE%D8%A8%D8%B2+%D9%85%D8%B9%D9%88%D8%B6%E2%80%AD/data=!4m7!3m6!1s0x14fc2b7ffdb5f3af:0xffa612904a4fa469!8m2!3d31.1188352!4d33.7212517!16s%2Fg%2F11qwy2v593!19sChIJr_O1_X8r_BQRaaRPSpASpv8?authuser=0&hl=en&g_ep=EgoyMDI2MTAwNi4wIJJjKgBIAVAD&rclk=1&hl=en,2026-10-09 00:04:25
bakery,مخبز الرغيف الساخن," Ali Ibn Abi Talib, Qesm Thaleth Al Arish, North Sinai Governorate 8954802, Egypt",31.1226824,33.8086358,+201003216967,,,,," 4RF5+3F Qesm Thaleth Al Arish, Egypt",https://www.google.com/maps/place/%D9%85%D8%AE%D8%A8%D8%B2+%D8%A7%D9%84%D8%B1%D8%BA%D9%8A%D9%81+%D8%A7%D9%84%D8%B3%D8%A7%D8%AE%D9%86%E2%80%AD/data=!4m7!3m6!1s0x14fdd35b709898e1:0x86d833a215e88542!8m2!3d31.1226824!4d33.8086358!16s%2Fg%2F11mzv80s9m!19sChIJ4ZiYcFvT_RQRQoXoFaIz2IY?authuser=0&hl=en&g_ep=EgoyMDI2MTAwNi4wIJJjKgBIAVAD&rclk=1&hl=en,2026-10-09 00:04:35
bakery,مخبز أبيض وأسمر," امام مدرسة أبو بكر الصديق، بجوار بنك القاهرة, Qesm Thaleth Al Arish, North Sinai Governorate 45511, Egypt",31.1383081,33.7977296,+201020151137,,https://www.facebook.com/profile.php?id=61587137972449&mibextid=ZbWKwL,,," 4QQX+83 Qesm Thaleth Al Arish, Egypt",https://www.google.com/maps/place/%D9%85%D8%AE%D8%A8%D8%B2+%D8%A3%D8%A8%D9%8A%D8%B6+%D9%88%D8%A3%D8%B3%D9%85%D8%B1%E2%80%AD/data=!4m7!3m6!1s0x14fdd3776e550f45:0x474591f3b7b46e46!8m2!3d31.1383081!4d33.7977296!16s%2Fg%2F11y_rz3z_s!19sChIJRQ9VbnfT_RQRRm60t_ORRUc?authuser=0&hl=en&g_ep=EgoyMDI2MTAwNi4wIJJjKgBIAVAD&rclk=1&hl=en,2026-10-09 00:04:46
bakery,مخبزابورحمه," 4R6F+XG, Qesm Thaleth Al Arish, North Sinai Governorate 8956504, Egypt",31.1125237,33.8239098,,,,,,,https://www.google.com/maps/place/%D9%85%D8%AE%D8%A8%D8%B2%D8%A7%D8%A8%D9%88%D8%B1%D8%AD%D9%85%D9%87%E2%80%AD/data=!4m7!3m6!1s0x14fdd50074a79f4b:0xc234f959e221a60b!8m2!3d31.1125237!4d33.8239098!16s%2Fg%2F11zf14r_9m!19sChIJS5-ndADV_RQRC6Yh4ln5NMI?authuser=0&hl=en&g_ep=EgoyMDI2MTAwNi4wIJJjKgBIAVAD&rclk=1&hl=en,2026-10-09 00:04:54
bakery,Yoki cookies," 4PC7+7XV سوبر ماركت كيمو, Third Al Areesh, North Sinai Governorate 8953623, Egypt",31.1207473,33.7149217,,,,,,,https://www.google.com/maps/place/Yoki+cookies/data=!4m7!3m6!1s0x14fc2b00282c1f0b:0xf481b6e869d540de!8m2!3d31.1207473!4d33.7149217!16s%2Fg%2F11nvzhg_7b!19sChIJCx8sKAAr_BQR3kDVaei2gfQ?authuser=0&hl=en&g_ep=EgoyMDI2MTAwNi4wIJJjKgBIAVAD&rclk=1&hl=en,2026-10-09 00:05:11
bakery,مخبز خالد موسى (٣٤٠١٢٥)," 4QHM+H8H, Qesm Thaleth Al Arish, North Sinai Governorate 8954404, Egypt",31.1289475,33.7833494,,,,4.3,4,,https://www.google.com/maps/place/%D9%85%D8%AE%D8%A8%D8%B2+%D8%AE%D8%A7%D9%84%D8%AF+%D9%85%D9%88%D8%B3%D9%89+%28%D9%A3%D9%A4%D9%A0%D9%A1%D9%A2%D9%A5%29%E2%80%AD/data=!4m7!3m6!1s0x14fc2d95e2173555:0x930b8d20a8cd1965!8m2!3d31.1289475!4d33.7833494!16s%2Fg%2F11j61yczvr!19sChIJVTUX4pUt_BQRZRnNqCCNC5M?authuser=0&hl=en&g_ep=EgoyMDI2MTAwNi4wIJJjKgBIAVAD&rclk=1&hl=en,2026-10-09 00:05:28
bakery,مخبز وحلوانى البحر," 4QQP+78H, El Qantra Shark - Al Arish Rd, Qesm Thaleth Al Arish, North Sinai Governorate 8955031, Egypt",31.1382584,33.7857428,,,,,,,https://www.google.com/maps/place/%D9%85%D8%AE%D8%A8%D8%B2+%D9%88%D8%AD%D9%84%D9%88%D8%A7%D9%86%D9%89+%D8%A7%D9%84%D8%A8%D8%AD%D8%B1%E2%80%AD/data=!4m7!3m6!1s0x14fc2d00434d94e1:0xf380faeac70f2a85!8m2!3d31.1382584!4d33.7857428!16s%2Fg%2F11npc1d3x5!19sChIJ4ZRNQwAt_BQRhSoPx-r6gPM?authuser=0&hl=en&g_ep=EgoyMDI2MTAwNi4wIJJjKgBIAVAD&rclk=1&hl=en,2026-10-09 00:05:39
butcher_shop,ButcherLine," Qesm Thaleth Al Arish, North Sinai Governorate 45511, Egypt",31.1275374,33.8050152,+201020831922,,https://butcherline.blogspot.com/,,," 4RH4+22 Qesm Thaleth Al Arish, Egypt",https://www.google.com/maps/place/ButcherLine/data=!4m7!3m6!1s0x14fdd3224940919f:0xdf6236842b23847c!8m2!3d31.1275374!4d33.8050152!16s%2Fg%2F11v3my6qg4!19sChIJn5FASSLT_RQRfIQjK4Q2Yt8?authuser=0&hl=en&g_ep=EgoyMDI2MTAwNi4wIJJjKgBIAVAD&rclk=1&hl=en,2026-10-09 00:05:59
butcher_shop,جزارة رمضان ايوب," 4QPJ+J26، شارع البحر, Qesm Thaleth Al Arish, North Sinai Governorate 8955011, Egypt",31.1365352,33.7800255,+201001669727,,,5.0,1,,https://www.google.com/maps/place/%D8%AC%D8%B2%D8%A7%D8%B1%D8%A9+%D8%B1%D9%85%D8%B6%D8%A7%D9%86+%D8%A7%D9%8A%D9%88%D8%A8%E2%80%AD/data=!4m7!3m6!1s0x14fc2d99be7585a9:0x82467bfeaec445bb!8m2!3d31.1365352!4d33.7800255!16s%2Fg%2F11stg5133s!19sChIJqYV1vpkt_BQRu0XErv57RoI?authuser=0&hl=en&g_ep=EgoyMDI2MTAwNi4wIJJjKgBIAVAD&rclk=1&hl=en,2026-10-09 00:06:07
butcher_shop,سليمان ابونجم للحوم البلدي ولدواجن," 4R94+XJH، العريش قسم اول بجوار, Al Mawkaf, Egypt",31.1199259,33.8066176,+201025800706,,,5.0,1,,https://www.google.com/maps/place/%D8%B3%D9%84%D9%8A%D9%85%D8%A7%D9%86+%D8%A7%D8%A8%D9%88%D9%86%D8%AC%D9%85+%D9%84%D9%84%D8%AD%D9%88%D9%85+%D8%A7%D9%84%D8%A8%D9%84%D8%AF%D9%8A+%D9%88%D9%84%D8%AF%D9%88%D8%A7%D8%AC%D9%86%E2%80%AD/data=!4m7!3m6!1s0x14fdd5c77822f677:0x4aab73f31bdeed8b!8m2!3d31.1199259!4d33.8066176!16s%2Fg%2F11n97mn25m!19sChIJd_YieMfV_RQRi-3eG_Nzq0o?authuser=0&hl=en&g_ep=EgoyMDI2MTAwNi4wIJJjKgBIAVAD&rclk=1&hl=en,2026-10-09 00:06:14
butcher_shop,دواجن ابوجرير," 4QHV+62V, Helwan, Qesm Thaleth Al Arish, North Sinai Governorate 8954356, Egypt",31.1281019,33.7925326,,,,,,,https://www.google.com/maps/place/%D8%AF%D9%88%D8%A7%D8%AC%D9%86+%D8%A7%D8%A8%D9%88%D8%AC%D8%B1%D9%8A%D8%B1%E2%80%AD/data=!4m7!3m6!1s0x14fc2d003611cedf:0xc90684f010df6c3a!8m2!3d31.1281019!4d33.7925326!16s%2Fg%2F11zglvvn4v!19sChIJ384RNgAt_BQROmzfEPCEBsk?authuser=0&hl=en&g_ep=EgoyMDI2MTAwNi4wIJJjKgBIAVAD&rclk=1&hl=en,2026-10-09 00:06:22
butcher_shop,Khalili Market," 4QPH+FJ3, Qesm Thaleth Al Arish, North Sinai Governorate 8955007, Egypt",31.1361421,33.7790489,,,,4.1,102,,https://www.google.com/maps/place/Khalili+Market/data=!4m7!3m6!1s0x14fc2ca38df67177:0xfe7e66864d97098a!8m2!3d31.1361421!4d33.7790489!16s%2Fg%2F11h9rqhf8j!19sChIJd3H2jaMs_BQRigmXTYZmfv4?authuser=0&hl=en&g_ep=EgoyMDI2MTAwNi4wIJJjKgBIAVAD&rclk=1&hl=en,2026-10-09 00:06:39
butcher_shop,جزار محمدي فتحي," 4QCP+7X2, Qesm Thaleth Al Arish, North Sinai Governorate 8954024, Egypt",31.1206331,33.7874047,,,,,,,https://www.google.com/maps/place/%D8%AC%D8%B2%D8%A7%D8%B1+%D9%85%D8%AD%D9%85%D8%AF%D9%8A+%D9%81%D8%AA%D8%AD%D9%8A%E2%80%AD/data=!4m7!3m6!1s0x14fc2b00584bdd49:0x9184f38a2c5c04d1!8m2!3d31.1206331!4d33.7874047!16s%2Fg%2F11wft8q4kc!19sChIJSd1LWAAr_BQR0QRcLIrzhJE?authuser=0&hl=en&g_ep=EgoyMDI2MTAwNi4wIJJjKgBIAVAD&rclk=1&hl=en,2026-10-09 00:06:50
butcher_shop,محل سلطان اللحوم," 4RJ3+R8J, Qesm Thaleth Al Arish, North Sinai Governorate 8954832, Egypt",31.132093,33.8032762,+201055454643,,https://www.facebook.com/share/1CXiiaVbiF/,,,,https://www.google.com/maps/place/%D9%85%D8%AD%D9%84+%D8%B3%D9%84%D8%B7%D8%A7%D9%86+%D8%A7%D9%84%D9%84%D8%AD%D9%88%D9%85%E2%80%AD/data=!4m7!3m6!1s0x14fdd30004f636ff:0x114544d9ca072137!8m2!3d31.132093!4d33.8032762!16s%2Fg%2F11yfkz3h6g!19sChIJ_zb2BADT_RQRNyEHytlERRE?authuser=0&hl=en&g_ep=EgoyMDI2MTAwNi4wIJJjKgBIAVAD&rclk=1&hl=en,2026-10-09 00:07:07
butcher_shop,مطعم مندي ابو رفاعي," 4RWG+738, Qesm Thaleth Al Arish, North Sinai Governorate 8958141, Egypt",31.1456476,33.8252184,+201006830414,,,,,,https://www.google.com/maps/place/%D9%85%D8%B7%D8%B9%D9%85+%D9%85%D9%86%D8%AF%D9%8A+%D8%A7%D8%A8%D9%88+%D8%B1%D9%81%D8%A7%D8%B9%D9%8A%E2%80%AD/data=!4m7!3m6!1s0x14fdd3001938e62f:0x73e011dbc7d2448!8m2!3d31.1456476!4d33.8252184!16s%2Fg%2F11zyvpz52f!19sChIJL-Y4GQDT_RQRSCR9vB0BPgc?authuser=0&hl=en&g_ep=EgoyMDI2MTAwNi4wIJJjKgBIAVAD&rclk=1&hl=en,2026-10-09 00:07:18
butcher_shop,عيد مركت," 4RC5+C5J, Hafez Rashid, Qesm Thaleth Al Arish, North Sinai Governorate 8954622, Egypt",31.1210948,33.8078853,+201221173047,,,5.0,2,,https://www.google.com/maps/place/%D8%B9%D9%8A%D8%AF+%D9%85%D8%B1%D9%83%D8%AA%E2%80%AD/data=!4m7!3m6!1s0x14fdd5000f470b9b:0x8cc90f6de4d9ac49!8m2!3d31.1210948!4d33.8078853!16s%2Fg%2F11ypc5fr80!19sChIJmwtHDwDV_RQRSazZ5G0PyYw?authuser=0&hl=en&g_ep=EgoyMDI2MTAwNi4wIJJjKgBIAVAD&rclk=1&hl=en,2026-10-09 00:07:32
butcher_shop,دواجن ابوراضي," 4QJW+FCJ، شارع أسيوط قبل ميدان العتلاوي, Qesm Thaleth Al Arish, North Sinai Governorate 8954730, Egypt",31.1312231,33.7960052,,,,3.0,1,,https://www.google.com/maps/place/%D8%AF%D9%88%D8%A7%D8%AC%D9%86+%D8%A7%D8%A8%D9%88%D8%B1%D8%A7%D8%B6%D9%8A%E2%80%AD/data=!4m7!3m6!1s0x14fc2d139adef6e7:0xbaed754371213c83!8m2!3d31.1312231!4d33.7960052!16s%2Fg%2F11stp922xr!19sChIJ5_bemhMt_BQRgzwhcUN17bo?authuser=0&hl=en&g_ep=EgoyMDI2MTAwNi4wIJJjKgBIAVAD&rclk=1&hl=en,2026-10-09 00:07:40
butcher_shop,دواجن أشرف وحكيم," 4RH2+6R2، Unnamed Road, Qesm Thaleth Al Arish, North Sinai Governorate 8954758, Egypt",31.1280168,33.8020224,,,https://www.facebook.com/profile.php?id=100012989774132&fref=ts,4.1,15,,https://www.google.com/maps/place/%D8%AF%D9%88%D8%A7%D8%AC%D9%86+%D8%A3%D8%B4%D8%B1%D9%81+%D9%88%D8%AD%D9%83%D9%8A%D9%85%E2%80%AD/data=!4m7!3m6!1s0x14fdd3515542356d:0x408fc89088cec402!8m2!3d31.1280168!4d33.8020224!16s%2Fg%2F11gckn9bdz!19sChIJbTVCVVHT_RQRAsTOiJDIj0A?authuser=0&hl=en&g_ep=EgoyMDI2MTAwNi4wIJJjKgBIAVAD&rclk=1&hl=en,2026-10-09 00:07:51
butcher_shop,مطعم كنتاكي," 4QMF+XF6, Al Shaba, قسم ثالث العريش، شمال سيناء،،, Qesm Thaleth Al Arish, North Sinai Governorate 8953934, Egypt",31.1349367,33.7735431,,,,3.3,4,,https://www.google.com/maps/place/%D9%85%D8%B7%D8%B9%D9%85+%D9%83%D9%86%D8%AA%D8%A7%D9%83%D9%8A%E2%80%AD/data=!4m7!3m6!1s0x14fc2d94c786cd25:0x3077c08fefbc9860!8m2!3d31.1349367!4d33.7735431!16s%2Fg%2F11tf4snpvl!19sChIJJc2Gx5Qt_BQRYJi874_AdzA?authuser=0&hl=en&g_ep=EgoyMDI2MTAwNi4wIJJjKgBIAVAD&rclk=1&hl=en,2026-10-09 00:08:13
